emp_no,first_name,last_name,birth_date,from_date,to_date,title
10933,Juyoung,Seghrouchni,1965-01-24,1993-08-02,9999-01-01,Senior Engineer
12155,Keiichiro,Glinert,1965-01-21,1993-09-16,9999-01-01,Senior Engineer
12408,Rasiah,Sudkamp,1965-01-10,1995-04-18,9999-01-01,Senior Engineer
14127,Magdalena,Cannard,1965-01-10,1994-04-22,9999-01-01,Senior Engineer
15050,Nikolaos,Kruskal,1965-01-18,1990-12-17,9999-01-01,Senior Engineer
15413,Arvin,Rabejac,1965-01-17,1994-01-01,9999-01-01,Senior Engineer
17206,Berry,DeMori,1965-01-02,1992-12-27,9999-01-01,Senior Engineer
17369,Yaghout,Kenevan,1965-01-31,2000-09-15,9999-01-01,Senior Engineer
17988,Mabhin,Calkin,1965-01-31,1989-11-30,9999-01-01,Senior Engineer
18021,Adil,Matzke,1965-01-07,1987-05-08,9999-01-01,Senior Engineer
18424,Filipp,Rousseau,1965-01-19,1995-06-07,9999-01-01,Senior Engineer
18810,Taiji,Jarecki,1965-01-09,1991-06-27,9999-01-01,Senior Engineer
19236,Elzbieta,Morris,1965-01-24,1988-07-12,9999-01-01,Senior Engineer
19803,Ziva,Kowalchuk,1965-01-30,1987-06-13,9999-01-01,Senior Engineer
20129,Rafael,Skafidas,1965-01-10,1991-03-28,9999-01-01,Senior Engineer
20885,Otmar,Rothenberg,1965-01-21,1989-03-14,9999-01-01,Senior Engineer
21843,Karsten,Azadmanesh,1965-01-09,1985-11-29,9999-01-01,Senior Engineer
22926,Manibrata,Genther,1965-01-01,1988-01-15,9999-01-01,Senior Engineer
24205,Roddy,Rubsam,1965-01-25,1993-09-19,9999-01-01,Senior Engineer
24377,Lubomir,Wroclawski,1965-01-25,1993-07-25,9999-01-01,Senior Engineer
24571,Cordelia,Gischer,1965-01-20,1989-03-14,9999-01-01,Senior Engineer
26671,Jiakeng,Kalorkoti,1965-01-21,1994-12-25,9999-01-01,Senior Engineer
26788,Zongyan,Dalphin,1965-01-25,1988-04-23,9999-01-01,Senior Engineer
27620,Shuji,Kandlur,1965-01-25,1990-03-02,9999-01-01,Senior Engineer
28193,Xinglin,Mitsuhashi,1965-01-29,1988-12-14,9999-01-01,Senior Engineer
28974,Chenxi,Sundgren,1965-01-09,1986-09-02,9999-01-01,Senior Engineer
29679,Kolar,Steenbeek,1965-01-17,1986-10-18,9999-01-01,Senior Engineer
29782,Jouko,Hellwagner,1965-01-29,2000-10-23,9999-01-01,Senior Engineer
29954,Pranay,Giarratana,1965-01-27,1992-09-29,9999-01-01,Senior Engineer
30007,Kousuke,Vecchio,1965-01-24,1990-02-23,9999-01-01,Senior Engineer
30182,Leon,Potthoff,1965-01-26,1985-12-08,9999-01-01,Senior Engineer
30465,Randi,Avouris,1965-01-28,1986-07-16,9999-01-01,Senior Engineer
30695,Gudjon,Majewski,1965-01-08,1999-10-26,9999-01-01,Senior Engineer
31207,Abdelwaheb,Dulin,1965-01-30,1993-08-05,9999-01-01,Senior Engineer
31514,Harngdar,Schapire,1965-01-13,1996-11-09,9999-01-01,Senior Engineer
33722,Anwar,Collette,1965-01-15,2001-02-03,9999-01-01,Senior Engineer
34446,Chinhyun,Bauknecht,1965-01-31,1986-12-19,9999-01-01,Senior Engineer
34452,Naftaly,Foong,1965-01-08,1991-05-10,9999-01-01,Senior Engineer
34533,Erzsebet,Shigei,1965-01-10,1995-01-16,9999-01-01,Senior Engineer
34788,Ennio,Babu,1965-01-27,1994-08-31,9999-01-01,Senior Engineer
35044,Jiang,Waschkowski,1965-01-04,1989-05-27,9999-01-01,Senior Engineer
35441,Chandrasekaran,Peek,1965-01-31,1990-09-17,9999-01-01,Senior Engineer
35642,Ashish,Talmon,1965-01-30,1999-02-28,9999-01-01,Senior Engineer
35798,Ulf,Oberman,1965-01-29,1997-03-15,9999-01-01,Senior Engineer
36982,Kotesh,Rajala,1965-01-22,1992-06-23,9999-01-01,Senior Engineer
37945,Suzette,Butterworth,1965-01-02,1994-02-19,9999-01-01,Senior Engineer
38043,Michaela,Randi,1965-01-05,1985-11-23,9999-01-01,Senior Engineer
38103,Masasuke,Babu,1965-01-12,1988-03-31,9999-01-01,Senior Engineer
38550,JoAnne,Baez,1965-01-14,1987-02-16,9999-01-01,Senior Engineer
38593,Huei,Orsini,1965-01-14,1986-06-04,9999-01-01,Senior Engineer
39341,Mahmut,Lampe,1965-01-01,1985-05-11,9999-01-01,Senior Engineer
40283,Sudhanshu,Boissier,1965-01-07,1985-05-11,9999-01-01,Senior Engineer
40301,Spyrose,Felder,1965-01-20,1997-10-20,9999-01-01,Senior Engineer
40536,Harngdar,Bernardinello,1965-01-20,1988-02-29,9999-01-01,Senior Engineer
41518,Keung,Schapiro,1965-01-11,2001-02-08,9999-01-01,Senior Engineer
41520,Xiong,Uhrik,1965-01-20,1988-03-21,9999-01-01,Senior Engineer
42911,Brigham,Eterovic,1965-01-29,1994-10-08,9999-01-01,Senior Engineer
44540,Mingzeng,Sadowski,1965-01-16,1989-11-12,9999-01-01,Senior Engineer
44959,Volkmar,Uhrik,1965-01-21,1988-01-16,9999-01-01,Senior Engineer
45162,Dulce,Speel,1965-01-11,1987-10-19,9999-01-01,Senior Engineer
46811,Junsik,Berendt,1965-01-10,1988-04-27,9999-01-01,Senior Engineer
46943,Pasqua,Maraist,1965-01-31,1993-12-06,9999-01-01,Senior Engineer
47262,Gonzalo,Binkley,1965-01-10,1985-08-16,9999-01-01,Senior Engineer
47515,Naraig,Jenevein,1965-01-26,1987-01-18,9999-01-01,Senior Engineer
48882,Leen,Lamparter,1965-01-28,1993-06-07,9999-01-01,Senior Engineer
49017,Filipp,Flanders,1965-01-07,1990-11-26,9999-01-01,Senior Engineer
49119,Lena,Peek,1965-01-09,1991-05-16,9999-01-01,Senior Engineer
50311,Mooi,Stafford,1965-01-24,1996-10-06,9999-01-01,Senior Engineer
50831,Marie,Khalid,1965-01-06,1996-06-11,9999-01-01,Senior Engineer
51060,Youngkon,Rohrbach,1965-01-15,1989-10-20,9999-01-01,Senior Engineer
51142,Rosine,Lakshmanan,1965-01-29,1986-01-31,9999-01-01,Senior Engineer
52038,Chikako,Armand,1965-01-13,1985-05-18,9999-01-01,Senior Engineer
52599,Augustine,Mungall,1965-01-25,1994-01-13,9999-01-01,Senior Engineer
52956,Khalil,Picci,1965-01-31,1998-11-24,9999-01-01,Senior Engineer
52970,Lobel,Werthner,1965-01-22,1988-03-17,9999-01-01,Senior Engineer
53499,Zdislav,Mandelberg,1965-01-20,1994-09-11,9999-01-01,Senior Engineer
53597,Jiafu,Marchegay,1965-01-30,1985-03-02,9999-01-01,Senior Engineer
53924,Arnould,Gaughan,1965-01-27,1991-01-23,9999-01-01,Senior Engineer
54198,Shaowen,Segond,1965-01-01,1986-01-06,9999-01-01,Senior Engineer
55640,Adit,Syrotiuk,1965-01-25,1993-07-16,9999-01-01,Senior Engineer
55687,Shih,Lindqvist,1965-01-02,1995-03-29,9999-01-01,Senior Engineer
55799,Jianwen,Litzler,1965-01-23,1987-06-17,9999-01-01,Senior Engineer
56105,Makato,Remmers,1965-01-11,1989-04-16,9999-01-01,Senior Engineer
56209,Remzi,Douceur,1965-01-19,1992-12-01,9999-01-01,Senior Engineer
56847,Menkae,Chinin,1965-01-14,1998-08-27,9999-01-01,Senior Engineer
57934,Sanjoy,Boudaillier,1965-01-25,1989-12-27,9999-01-01,Senior Engineer
58384,Mariusz,Vural,1965-01-22,1993-11-14,9999-01-01,Senior Engineer
60559,Jeanna,Stemann,1965-01-19,1988-08-29,9999-01-01,Senior Engineer
60875,Rildo,Masaki,1965-01-21,1990-01-14,9999-01-01,Senior Engineer
61253,Cheong,Uhrik,1965-01-09,2002-05-09,9999-01-01,Senior Engineer
61541,Kasidit,Papsdorf,1965-01-08,1993-08-17,9999-01-01,Senior Engineer
62033,Heeju,Cappelli,1965-01-24,1987-01-15,9999-01-01,Senior Engineer
62046,Karlis,Nanard,1965-01-31,1992-09-19,9999-01-01,Senior Engineer
63294,Tetsushi,Tanemo,1965-01-23,1997-03-01,9999-01-01,Senior Engineer
63419,Hiroyasu,Seuren,1965-01-14,1989-03-05,9999-01-01,Senior Engineer
63631,Falguni,Cherinka,1965-01-22,1987-10-15,9999-01-01,Senior Engineer
64023,Laurentiu,Benzmuller,1965-01-11,1999-11-08,9999-01-01,Senior Engineer
64487,Tsutomu,Rebaine,1965-01-27,1986-09-17,9999-01-01,Senior Engineer
64532,Atilio,Segond,1965-01-23,1990-11-29,9999-01-01,Senior Engineer
64790,Shin,Piveteau,1965-01-29,1985-04-19,9999-01-01,Senior Engineer
64984,Eldridge,Eldridge,1965-01-06,1994-08-04,9999-01-01,Senior Engineer
65539,Aksel,Picaronny,1965-01-23,1991-01-27,9999-01-01,Senior Engineer
66702,Deniz,Thibadeau,1965-02-01,1994-09-27,9999-01-01,Senior Engineer
66807,Aiman,Rosaz,1965-01-21,1990-05-22,9999-01-01,Senior Engineer
67934,Aiman,Gargeya,1965-01-07,1985-03-07,9999-01-01,Senior Engineer
68416,Munenori,Debuse,1965-01-27,1990-11-08,9999-01-01,Senior Engineer
68608,Yucai,Seghrouchni,1965-01-26,1989-06-09,9999-01-01,Senior Engineer
68633,Chinhyun,Rassart,1965-01-28,1993-07-29,9999-01-01,Senior Engineer
70990,Arumugam,Nitta,1965-01-22,1990-03-23,9999-01-01,Senior Engineer
71243,Kinh,Buchter,1965-01-10,1986-03-29,9999-01-01,Senior Engineer
71334,Cathie,Peck,1965-01-15,2001-03-04,9999-01-01,Senior Engineer
71685,Kristinn,Olano,1965-01-01,1989-10-03,9999-01-01,Senior Engineer
72194,Feiyu,Siepmann,1965-01-26,1998-10-01,9999-01-01,Senior Engineer
72232,Naraig,Veldwijk,1965-01-10,1989-07-10,9999-01-01,Senior Engineer
72640,Honglan,Hutton,1965-01-24,1993-10-04,9999-01-01,Senior Engineer
73076,Froduald,Feldhoffer,1965-01-22,1993-03-16,9999-01-01,Senior Engineer
73233,Shigeo,Merey,1965-01-15,1985-07-30,9999-01-01,Senior Engineer
73516,Qingxiang,Badache,1965-01-14,1989-06-25,9999-01-01,Senior Engineer
74200,Holgard,Weiland,1965-01-16,1991-09-24,9999-01-01,Senior Engineer
74800,Yuuichi,Conde,1965-01-25,1989-03-08,9999-01-01,Senior Engineer
75354,Shuky,Jakobus,1965-01-11,1986-06-16,9999-01-01,Senior Engineer
75703,Kyoichi,Erman,1965-01-08,1996-07-25,9999-01-01,Senior Engineer
76189,Kolar,Hinsberger,1965-01-02,1986-10-20,9999-01-01,Senior Engineer
76201,Arif,Preusig,1965-01-10,1992-04-02,9999-01-01,Senior Engineer
76640,Tristan,Mitsuhashi,1965-01-02,1994-07-13,9999-01-01,Senior Engineer
78871,Conor,Ghandeharizadeh,1965-01-15,1985-05-25,9999-01-01,Senior Engineer
79171,Guiseppe,Ellozy,1965-01-19,1991-01-12,9999-01-01,Senior Engineer
79606,Arnd,Peir,1965-01-03,1986-12-11,9999-01-01,Senior Engineer
80850,Koldo,Luit,1965-02-01,1995-04-16,9999-01-01,Senior Engineer
80889,Shigeo,Linnainmaa,1965-01-07,1985-07-30,9999-01-01,Senior Engineer
80948,Harjit,Bardell,1965-01-27,1991-05-24,9999-01-01,Senior Engineer
81105,Jaewon,Boissier,1965-01-14,1992-05-24,9999-01-01,Senior Engineer
81995,Sreekrishna,Brender,1965-01-10,1990-03-22,9999-01-01,Senior Engineer
82069,Yechezkel,Perfilyeva,1965-01-20,1994-11-03,9999-01-01,Senior Engineer
82098,Poornachandra,Wilharm,1965-01-25,1991-04-20,9999-01-01,Senior Engineer
82928,Alselm,Rikino,1965-01-27,1990-11-16,9999-01-01,Senior Engineer
83280,Francesca,Ellozy,1965-01-07,1999-08-08,9999-01-01,Senior Engineer
83289,Shigeichiro,Engelmann,1965-01-09,1994-01-09,9999-01-01,Senior Engineer
83509,Breannda,Collavizza,1965-01-04,1989-10-12,9999-01-01,Senior Engineer
83714,Ohad,Kilgore,1965-01-27,2000-10-10,9999-01-01,Senior Engineer
83805,Manohar,Harllee,1965-01-23,1987-03-11,9999-01-01,Senior Engineer
84179,Shuichi,Nanard,1965-01-25,1989-03-14,9999-01-01,Senior Engineer
84451,Shiv,Aumann,1965-01-20,1998-06-14,9999-01-01,Senior Engineer
85288,Younwoo,Luders,1965-01-06,1998-12-08,9999-01-01,Senior Engineer
86354,Ronghao,Segond,1965-01-27,1993-09-13,9999-01-01,Senior Engineer
86546,Oldrich,Woycyznski,1965-01-09,1985-05-15,9999-01-01,Senior Engineer
87353,Quingbo,Coombs,1965-01-07,1999-01-17,9999-01-01,Senior Engineer
87783,Conor,Thorensen,1965-01-26,1988-02-24,9999-01-01,Senior Engineer
89048,Otmar,Birjandi,1965-01-24,1985-03-23,9999-01-01,Senior Engineer
89680,Aiman,Mawatari,1965-01-27,1988-05-01,9999-01-01,Senior Engineer
89806,Xiadong,Shinomoto,1965-01-27,1997-05-24,9999-01-01,Senior Engineer
89922,Alexius,Ibel,1965-01-26,1988-04-24,9999-01-01,Senior Engineer
90084,Renny,Bale,1965-01-01,1989-11-22,9999-01-01,Senior Engineer
90292,Koichi,Assaf,1965-01-09,1990-05-26,9999-01-01,Senior Engineer
91182,Lucien,Schwartzburd,1965-01-04,1988-08-25,9999-01-01,Senior Engineer
91229,Yahiko,Hebden,1965-01-01,1996-10-03,9999-01-01,Senior Engineer
92438,Aria,Kilgore,1965-01-04,1992-04-11,9999-01-01,Senior Engineer
92454,Visit,McFarlan,1965-01-24,1987-10-22,9999-01-01,Senior Engineer
92920,Huei,Hutter,1965-01-20,1993-01-28,9999-01-01,Senior Engineer
93040,Jaques,Kabayashi,1965-01-19,1992-03-13,9999-01-01,Senior Engineer
93220,Richara,Walston,1965-01-11,1996-08-27,9999-01-01,Senior Engineer
93278,Magdalena,Penn,1965-02-01,1997-01-04,9999-01-01,Senior Engineer
94761,Hitofumi,Zaccaria,1965-01-27,1988-11-22,9999-01-01,Senior Engineer
94944,Heping,Matheson,1965-01-13,1988-06-24,9999-01-01,Senior Engineer
95286,Kristin,Guerreiro,1965-01-18,1989-08-23,9999-01-01,Senior Engineer
96571,Kokou,Garrabrants,1965-01-13,1997-11-05,9999-01-01,Senior Engineer
96767,Arumugam,Vecchio,1965-01-07,1985-08-14,9999-01-01,Senior Engineer
97018,Jeanna,Chinen,1965-01-09,1989-01-01,9999-01-01,Senior Engineer
98306,Ziya,Kadhim,1965-01-16,1999-06-24,9999-01-01,Senior Engineer
99377,Carrsten,Francisci,1965-01-18,1991-06-16,9999-01-01,Senior Engineer
100865,Hisao,Peral,1965-01-19,1990-10-03,9999-01-01,Senior Engineer
100916,Heejo,Aamodt,1965-01-18,1992-04-22,9999-01-01,Senior Engineer
103316,Susanne,Peternell,1965-01-03,1994-07-27,9999-01-01,Senior Engineer
104988,Parviz,Litzler,1965-01-07,1992-08-08,9999-01-01,Senior Engineer
105356,Diederik,Matzov,1965-01-29,1995-03-08,9999-01-01,Senior Engineer
105432,Mohamadou,Stafford,1965-01-08,1995-09-12,9999-01-01,Senior Engineer
106096,Naftali,Schurmann,1965-01-14,1992-12-02,9999-01-01,Senior Engineer
107486,Siamak,Luiz,1965-01-23,1987-02-11,9999-01-01,Senior Engineer
107737,Fabrizio,Chleq,1965-01-23,1999-07-31,9999-01-01,Senior Engineer
108316,Shai,Stellhorn,1965-01-02,1992-05-21,9999-01-01,Senior Engineer
109062,Jamaludin,Kandlur,1965-02-01,1992-06-19,9999-01-01,Senior Engineer
109211,Gor,Delgrande,1965-01-11,2002-06-18,9999-01-01,Senior Engineer
109741,Hatem,Fadgyas,1965-01-11,1991-11-13,9999-01-01,Senior Engineer
200312,Akemi,Fujisaki,1965-01-27,2001-11-13,9999-01-01,Senior Engineer
200363,Kirk,Quaggetto,1965-01-10,1987-06-30,9999-01-01,Senior Engineer
201801,Waiman,Genin,1965-01-12,1988-10-30,9999-01-01,Senior Engineer
201915,Sudharsan,DeMori,1965-01-02,1992-03-30,9999-01-01,Senior Engineer
202552,Morris,Saoudi,1965-01-05,1991-11-22,9999-01-01,Senior Engineer
202826,Kerhong,Matzke,1965-01-19,1986-11-14,9999-01-01,Senior Engineer
202882,Isaac,Koshino,1965-01-25,1995-09-28,9999-01-01,Senior Engineer
204425,Gretta,Huttel,1965-01-03,1990-10-08,9999-01-01,Senior Engineer
204471,Franziska,Maginnis,1965-01-27,1986-02-17,9999-01-01,Senior Engineer
204764,Susanne,Mandelberg,1965-01-22,1990-11-02,9999-01-01,Senior Engineer
205500,Mary,Setiz,1965-01-04,1989-01-13,9999-01-01,Senior Engineer
205627,Stabislas,Broder,1965-01-21,1996-07-16,9999-01-01,Senior Engineer
205863,Aiichiro,Kusalik,1965-01-06,1990-10-04,9999-01-01,Senior Engineer
206966,Tzu,Sichman,1965-01-21,1987-11-17,9999-01-01,Senior Engineer
208147,Manu,Rothenberg,1965-01-09,1988-12-06,9999-01-01,Senior Engineer
208653,Phillip,Schade,1965-01-23,1989-03-03,9999-01-01,Senior Engineer
208784,Pranjal,Juneja,1965-01-30,1985-03-21,9999-01-01,Senior Engineer
209101,Xinyu,Edelhoff,1965-01-05,1997-10-26,9999-01-01,Senior Engineer
211858,Domenico,Ratnaker,1965-01-08,1985-03-24,9999-01-01,Senior Engineer
211879,Gao,Ranze,1965-01-12,1994-11-24,9999-01-01,Senior Engineer
211967,Anwar,Bain,1965-01-07,1989-01-22,9999-01-01,Senior Engineer
212361,Claudi,Stanfel,1965-01-16,1996-01-07,9999-01-01,Senior Engineer
213016,Yongmao,Fontan,1965-01-22,1993-07-26,9999-01-01,Senior Engineer
213384,Pranas,Narwekar,1965-01-04,1985-09-26,9999-01-01,Senior Engineer
213447,Armond,Perly,1965-02-01,1989-09-14,9999-01-01,Senior Engineer
214634,Shirish,Vickson,1965-01-12,1989-10-24,9999-01-01,Senior Engineer
214789,Arfst,Chepyzhov,1965-01-28,1989-02-06,9999-01-01,Senior Engineer
214866,Gopalakrishnan,Angel,1965-02-01,1997-07-05,9999-01-01,Senior Engineer
216342,Aiichiro,Cromarty,1965-01-22,1995-06-10,9999-01-01,Senior Engineer
216375,Byong,Gustavson,1965-01-16,1985-03-12,9999-01-01,Senior Engineer
216573,Ashish,Vidya,1965-01-29,1989-06-16,9999-01-01,Senior Engineer
217080,Masami,Puoti,1965-01-12,2000-01-21,9999-01-01,Senior Engineer
217387,Jianhao,Molenaar,1965-01-21,1987-10-22,9999-01-01,Senior Engineer
217551,Panayotis,Lukaszewicz,1965-01-02,1989-06-06,9999-01-01,Senior Engineer
219047,Aemilian,Kusalik,1965-01-30,1987-05-27,9999-01-01,Senior Engineer
220029,Demos,Asser,1965-01-17,1985-11-04,9999-01-01,Senior Engineer
220131,Reinhard,Slaats,1965-01-09,1994-06-08,9999-01-01,Senior Engineer
220799,Perla,Orlowska,1965-01-17,1998-10-13,9999-01-01,Senior Engineer
221126,Tesuya,dAstous,1965-01-23,1988-11-29,9999-01-01,Senior Engineer
221435,Djenana,Marrevee,1965-01-06,1994-02-06,9999-01-01,Senior Engineer
222311,Miyeon,Billingsley,1965-01-20,1992-12-05,9999-01-01,Senior Engineer
222319,Matt,Chvatal,1965-01-20,1994-11-09,9999-01-01,Senior Engineer
222770,Kazuhiko,Kushner,1965-01-22,1995-08-01,9999-01-01,Senior Engineer
222878,Annemarie,Zallocco,1965-01-10,1996-12-01,9999-01-01,Senior Engineer
222926,Limsoon,Erol,1965-01-10,1997-12-31,9999-01-01,Senior Engineer
222952,Gopalakrishnan,Suermann,1965-01-28,1991-04-30,9999-01-01,Senior Engineer
224335,Perry,Chachaty,1965-01-29,1985-07-22,9999-01-01,Senior Engineer
225867,Ramalingam,Remmele,1965-01-26,1999-09-03,9999-01-01,Senior Engineer
225964,Mooi,Cooman,1965-01-19,1989-06-07,9999-01-01,Senior Engineer
226227,Herbert,Erva,1965-01-07,1986-09-06,9999-01-01,Senior Engineer
227354,Gio,Murtha,1965-01-12,1986-11-11,9999-01-01,Senior Engineer
227476,Macha,Schnabel,1965-01-11,1988-05-11,9999-01-01,Senior Engineer
228766,Nahla,Smailagic,1965-01-11,1993-02-12,9999-01-01,Senior Engineer
229220,Fabrizio,Lichtman,1965-01-21,1987-02-09,9999-01-01,Senior Engineer
229391,Paloma,Henseler,1965-01-15,1991-06-11,9999-01-01,Senior Engineer
229981,Jamaludin,Fordan,1965-01-19,1992-02-06,9999-01-01,Senior Engineer
230002,Tadahiro,Backhouse,1965-01-07,1991-10-02,9999-01-01,Senior Engineer
230498,Kolar,Puppo,1965-01-15,1990-04-25,9999-01-01,Senior Engineer
231798,Goetz,Alvarado,1965-01-28,1988-12-25,9999-01-01,Senior Engineer
232209,Nitsan,Rouquie,1965-01-11,1988-08-01,9999-01-01,Senior Engineer
232697,Barry,Ramsak,1965-01-23,1990-09-07,9999-01-01,Senior Engineer
233114,Alselm,Gargeya,1965-01-20,1987-12-25,9999-01-01,Senior Engineer
233426,Etsuo,Usery,1965-01-12,1995-03-02,9999-01-01,Senior Engineer
233765,Kotesh,Chachaty,1965-01-20,1991-03-25,9999-01-01,Senior Engineer
233818,Kellie,Heydon,1965-01-01,1985-11-11,9999-01-01,Senior Engineer
234739,Foong,Aamodt,1965-01-31,1986-06-28,9999-01-01,Senior Engineer
235325,Gro,Prochazka,1965-01-06,1992-10-16,9999-01-01,Senior Engineer
235368,Anneli,Joslin,1965-01-09,1987-04-12,9999-01-01,Senior Engineer
235780,Sampalli,Bergere,1965-01-17,1994-04-08,9999-01-01,Senior Engineer
235793,Jayesh,Spinelli,1965-01-03,1999-01-16,9999-01-01,Senior Engineer
236827,Almudena,Rijckaert,1965-01-28,1994-02-16,9999-01-01,Senior Engineer
239415,Susumu,Brender,1965-01-01,1993-04-17,9999-01-01,Senior Engineer
239664,Sugwoo,Michaels,1965-01-04,1992-08-02,9999-01-01,Senior Engineer
240236,True,Tischendorf,1965-01-24,1986-01-19,9999-01-01,Senior Engineer
240340,Mack,Staylopatis,1965-01-14,1985-04-02,9999-01-01,Senior Engineer
241100,Cedric,Molenaar,1965-01-23,1990-10-06,9999-01-01,Senior Engineer
241254,Jagoda,Anguita,1965-01-15,1993-05-11,9999-01-01,Senior Engineer
241567,Emran,Miara,1965-01-18,1989-05-02,9999-01-01,Senior Engineer
241667,Atilio,Olivero,1965-01-28,1985-09-04,9999-01-01,Senior Engineer
241728,Limsoon,Boudaillier,1965-01-30,1999-08-08,9999-01-01,Senior Engineer
242019,Herb,Murrill,1965-01-09,2001-10-28,9999-01-01,Senior Engineer
243077,Kazunori,Perz,1965-02-01,1999-02-25,9999-01-01,Senior Engineer
244714,Poorav,Clouatre,1965-01-27,1996-05-06,9999-01-01,Senior Engineer
244820,Shigenori,Hertweck,1965-01-15,1987-04-13,9999-01-01,Senior Engineer
245164,Filipp,Winter,1965-01-23,1996-10-24,9999-01-01,Senior Engineer
246146,Zhongwei,Melski,1965-01-30,1987-09-04,9999-01-01,Senior Engineer
247447,Tzu,Bakhtari,1965-01-28,1994-03-18,9999-01-01,Senior Engineer
247888,Abdelghani,Lagarias,1965-01-15,1985-09-06,9999-01-01,Senior Engineer
249239,Hideyuki,Decleir,1965-01-21,1994-05-04,9999-01-01,Senior Engineer
249433,Ayonca,Matzov,1965-01-16,1988-06-03,9999-01-01,Senior Engineer
249504,Dmitry,Velardi,1965-01-07,1995-10-20,9999-01-01,Senior Engineer
249780,Nechama,Gaughan,1965-01-12,1993-07-09,9999-01-01,Senior Engineer
249799,Jolita,Neimat,1965-01-04,1993-12-27,9999-01-01,Senior Engineer
249969,Georgi,Luiz,1965-01-21,1991-06-10,9999-01-01,Senior Engineer
250452,Alexius,Plavsic,1965-01-14,2000-01-17,9999-01-01,Senior Engineer
250748,Kish,Turnbull,1965-01-27,1987-02-10,9999-01-01,Senior Engineer
251233,Yucel,Bernini,1965-01-07,1993-02-19,9999-01-01,Senior Engineer
251680,Moty,Sommen,1965-01-05,1990-08-14,9999-01-01,Senior Engineer
252316,Gill,Niizuma,1965-01-07,1994-10-08,9999-01-01,Senior Engineer
252392,Sanjeeva,Peron,1965-01-01,1993-12-26,9999-01-01,Senior Engineer
253893,Huiqun,Trystram,1965-01-04,1993-05-10,9999-01-01,Senior Engineer
254044,Gunilla,Brendel,1965-01-16,1992-04-10,9999-01-01,Senior Engineer
255466,Huan,Roccetti,1965-01-18,1985-07-03,9999-01-01,Senior Engineer
255657,Oldrich,Cyre,1965-01-20,1985-02-10,9999-01-01,Senior Engineer
256881,Ioana,Jakobus,1965-01-03,1990-08-10,9999-01-01,Senior Engineer
257062,Stabislas,Pardalos,1965-01-24,1989-06-21,9999-01-01,Senior Engineer
258643,Przemyslawa,Esposito,1965-01-11,1992-02-27,9999-01-01,Senior Engineer
259273,Xiahua,Gomatam,1965-01-22,1989-12-01,9999-01-01,Senior Engineer
261184,Masako,Kornatzky,1965-01-30,1987-08-29,9999-01-01,Senior Engineer
261737,Mark,Lindqvist,1965-01-23,1990-11-22,9999-01-01,Senior Engineer
261986,Gila,Ramsak,1965-01-21,1997-05-13,9999-01-01,Senior Engineer
262210,Chinho,Bottner,1965-01-22,1985-07-29,9999-01-01,Senior Engineer
262636,Tamiya,Reutenauer,1965-01-04,1992-04-10,9999-01-01,Senior Engineer
262928,Piyush,Gill,1965-01-01,1995-02-20,9999-01-01,Senior Engineer
263439,Atreye,Kabayashi,1965-01-09,1986-12-15,9999-01-01,Senior Engineer
263645,Mingsen,Lally,1965-01-19,1990-12-04,9999-01-01,Senior Engineer
264167,Baoqiu,Tomescu,1965-01-25,1996-05-01,9999-01-01,Senior Engineer
264939,Bogdan,Bahi,1965-01-10,1999-02-13,9999-01-01,Senior Engineer
265521,Kensei,Salverda,1965-01-04,1993-05-25,9999-01-01,Senior Engineer
265875,Fan,Marsiglia,1965-01-20,1989-09-03,9999-01-01,Senior Engineer
267227,Susuma,Tagansky,1965-01-10,1995-01-22,9999-01-01,Senior Engineer
268191,LiMin,Teitelbaum,1965-01-07,1990-11-01,9999-01-01,Senior Engineer
273286,Brigham,Asmuth,1965-01-26,1989-01-23,9999-01-01,Senior Engineer
275263,Vojin,Laventhal,1965-01-21,1991-10-18,9999-01-01,Senior Engineer
275444,Limsoon,Leppanen,1965-01-16,1993-01-21,9999-01-01,Senior Engineer
275881,Jiann,Munro,1965-01-08,1988-05-18,9999-01-01,Senior Engineer
275994,Uma,Prampolini,1965-01-29,1991-02-21,9999-01-01,Senior Engineer
276445,Atilio,Randi,1965-01-27,1988-07-02,9999-01-01,Senior Engineer
276472,Hideyuki,Flanders,1965-01-27,1988-11-10,9999-01-01,Senior Engineer
277420,Rayond,Schach,1965-01-16,1995-04-22,9999-01-01,Senior Engineer
277777,Herbert,Itzigehl,1965-01-27,1990-07-04,9999-01-01,Senior Engineer
277829,Michaela,Fandrianto,1965-01-22,1986-06-02,9999-01-01,Senior Engineer
278953,Jeanna,Ghandeharizadeh,1965-01-26,1990-08-11,9999-01-01,Senior Engineer
279280,Niranjan,Debuse,1965-01-09,1992-09-21,9999-01-01,Senior Engineer
280648,Heeju,Lorys,1965-01-04,1986-12-27,9999-01-01,Senior Engineer
281692,Khosrow,Sommen,1965-01-06,1990-03-03,9999-01-01,Senior Engineer
281848,Parke,Staylopatis,1965-01-29,1993-07-31,9999-01-01,Senior Engineer
281859,Masanao,Papastamatiou,1965-01-17,1985-11-25,9999-01-01,Senior Engineer
282894,Fay,Bellmore,1965-01-05,1989-05-03,9999-01-01,Senior Engineer
284561,Duri,Beznosov,1965-01-03,1988-02-15,9999-01-01,Senior Engineer
284687,Oksana,Redmiles,1965-01-15,1985-06-22,9999-01-01,Senior Engineer
284691,Theron,Ressouche,1965-01-04,1988-08-17,9999-01-01,Senior Engineer
284711,Martijn,Azevdeo,1965-01-21,1988-02-10,9999-01-01,Senior Engineer
284717,Gal,Ranta,1965-01-11,1992-11-07,9999-01-01,Senior Engineer
284856,Moto,Kobara,1965-01-05,1991-12-12,9999-01-01,Senior Engineer
285396,Lena,Kohling,1965-01-27,1986-10-04,9999-01-01,Senior Engineer
286573,Nahum,Nishimukai,1965-01-27,1994-07-29,9999-01-01,Senior Engineer
286986,Woody,Trelles,1965-01-01,1996-05-23,9999-01-01,Senior Engineer
287482,Shigeaki,Gihr,1965-01-01,1994-03-18,9999-01-01,Senior Engineer
287583,Jovan,Hockney,1965-01-18,1990-06-21,9999-01-01,Senior Engineer
287609,Sailaja,Negoita,1965-01-06,1988-01-20,9999-01-01,Senior Engineer
287984,Troy,Kobuchi,1965-01-09,1991-02-12,9999-01-01,Senior Engineer
288028,Kauko,Narwekar,1965-01-22,1985-12-16,9999-01-01,Senior Engineer
288563,Cristinel,Gerlach,1965-01-02,1996-01-09,9999-01-01,Senior Engineer
288665,Horward,Khasidashvili,1965-01-31,1998-11-19,9999-01-01,Senior Engineer
288893,Bedrich,Rosenbaum,1965-01-30,1991-01-27,9999-01-01,Senior Engineer
289454,Bowen,Narwekar,1965-01-20,1985-03-08,9999-01-01,Senior Engineer
290563,Shigehiro,Oxenboll,1965-01-09,1986-02-26,9999-01-01,Senior Engineer
290769,Lalit,Blokdijk,1965-01-26,1999-02-01,9999-01-01,Senior Engineer
292110,Menkae,Showalter,1965-01-23,1996-08-09,9999-01-01,Senior Engineer
292210,Masaru,Huhdanpaa,1965-01-17,1996-11-23,9999-01-01,Senior Engineer
292504,Georgi,Bednarek,1965-01-27,1994-03-02,9999-01-01,Senior Engineer
292828,Ziya,Tokunaga,1965-01-10,1986-01-08,9999-01-01,Senior Engineer
293280,Moti,Steenbeek,1965-01-24,1987-01-22,9999-01-01,Senior Engineer
293329,Fumiya,Griswold,1965-01-15,1986-06-12,9999-01-01,Senior Engineer
293746,Sanjay,Litecky,1965-01-25,1995-08-27,9999-01-01,Senior Engineer
294461,Siddarth,Rosiles,1965-01-14,1985-11-18,9999-01-01,Senior Engineer
294652,Hironobu,Brodie,1965-01-27,1998-12-21,9999-01-01,Senior Engineer
294857,Caolyn,Ozeri,1965-01-15,1986-07-29,9999-01-01,Senior Engineer
295236,Kauko,Fujisawa,1965-01-24,1987-09-13,9999-01-01,Senior Engineer
295278,Val,Barvinok,1965-01-04,1990-01-02,9999-01-01,Senior Engineer
296664,Dipayan,Geffroy,1965-01-31,1987-09-17,9999-01-01,Senior Engineer
296718,Kamakshi,Bahl,1965-01-30,1987-12-22,9999-01-01,Senior Engineer
298339,King,Benzmuller,1965-01-11,1986-09-04,9999-01-01,Senior Engineer
400358,Angus,Jullig,1965-01-31,1989-04-13,9999-01-01,Senior Engineer
401333,Martins,Shokrollahi,1965-01-30,1986-11-04,9999-01-01,Senior Engineer
402025,Shigehito,Duclos,1965-01-20,1987-09-20,9999-01-01,Senior Engineer
402664,Subhada,Janetzko,1965-01-04,1987-01-25,9999-01-01,Senior Engineer
402718,Jeanna,Rettelbach,1965-01-17,1990-02-14,9999-01-01,Senior Engineer
403010,Toshimitsu,Sluis,1965-01-16,1985-02-18,9999-01-01,Senior Engineer
403954,Jeanna,Bratten,1965-01-10,1990-07-26,9999-01-01,Senior Engineer
404018,Valery,Babb,1965-01-11,1998-10-19,9999-01-01,Senior Engineer
404236,Zengping,Kakkar,1965-01-12,1988-07-22,9999-01-01,Senior Engineer
404462,Anestis,Setlzner,1965-01-09,1985-07-13,9999-01-01,Senior Engineer
405063,Yechezkel,Yurov,1965-01-26,2001-11-16,9999-01-01,Senior Engineer
406239,Marek,Tomescu,1965-01-09,1995-05-15,9999-01-01,Senior Engineer
407837,Fei,Erez,1965-02-01,1988-04-02,9999-01-01,Senior Engineer
408019,Shridhar,Chleq,1965-01-01,1986-03-22,9999-01-01,Senior Engineer
408163,Irene,Sethi,1965-01-21,2000-08-12,9999-01-01,Senior Engineer
408953,Jolita,Claffy,1965-01-26,1993-12-24,9999-01-01,Senior Engineer
409805,Frazer,Candan,1965-01-15,1999-03-05,9999-01-01,Senior Engineer
409898,Divier,Ishibashi,1965-02-01,1989-09-22,9999-01-01,Senior Engineer
410372,Duri,Mitina,1965-01-08,1990-03-04,9999-01-01,Senior Engineer
410433,Kazuhisa,Riesenhuber,1965-01-19,1992-10-06,9999-01-01,Senior Engineer
410616,Gudjon,Kalorkoti,1965-01-18,1994-04-14,9999-01-01,Senior Engineer
410804,Ronnie,Denos,1965-01-17,1992-06-08,9999-01-01,Senior Engineer
410881,Koichi,Grabner,1965-01-06,2000-04-05,9999-01-01,Senior Engineer
411070,Otmar,Brandsma,1965-01-29,1987-05-28,9999-01-01,Senior Engineer
411082,Martine,Cangellaris,1965-01-08,1992-04-28,9999-01-01,Senior Engineer
412404,Mitsuyuki,Jeansoulin,1965-01-15,1999-10-28,9999-01-01,Senior Engineer
414027,Tadanori,Msuda,1965-01-31,1993-02-20,9999-01-01,Senior Engineer
414543,Bernd,Anick,1965-01-03,1988-11-19,9999-01-01,Senior Engineer
414551,Elliott,Copas,1965-01-22,1994-09-13,9999-01-01,Senior Engineer
414662,Ipke,Schneeberger,1965-01-21,1985-09-20,9999-01-01,Senior Engineer
415563,Mrinalini,Bierbaum,1965-01-21,1986-03-12,9999-01-01,Senior Engineer
416074,Alain,Lieberherr,1965-01-08,1987-05-11,9999-01-01,Senior Engineer
416383,Nectarios,Itschner,1965-01-29,1990-03-02,9999-01-01,Senior Engineer
416492,Kannan,Meriste,1965-01-15,1992-08-12,9999-01-01,Senior Engineer
416660,Nathalie,Luke,1965-01-28,1987-09-16,9999-01-01,Senior Engineer
416720,Tokuyasu,Xiaoshan,1965-01-14,1991-09-19,9999-01-01,Senior Engineer
418239,Josyula,Motley,1965-01-03,1996-03-26,9999-01-01,Senior Engineer
418298,Arvin,Pusterhofer,1965-01-08,1995-03-02,9999-01-01,Senior Engineer
418309,Danel,Petereit,1965-01-24,1985-02-21,9999-01-01,Senior Engineer
418380,Kazuhiko,Gornas,1965-01-02,1993-05-20,9999-01-01,Senior Engineer
418566,Kazuhide,Snedden,1965-01-27,1996-06-14,9999-01-01,Senior Engineer
420086,Susuma,Kitsuregawa,1965-01-27,1985-05-28,9999-01-01,Senior Engineer
421755,Shichao,Thiria,1965-01-03,1989-01-11,9999-01-01,Senior Engineer
423633,Mariusz,Tokunaga,1965-01-30,1985-02-11,9999-01-01,Senior Engineer
424584,Kagan,Dredge,1965-02-01,1994-02-26,9999-01-01,Senior Engineer
426644,Zejun,Broomell,1965-01-13,1995-01-19,9999-01-01,Senior Engineer
426706,Karsten,Kawashima,1965-01-07,1994-03-15,9999-01-01,Senior Engineer
426958,Weijing,Viele,1965-01-19,1985-10-03,9999-01-01,Senior Engineer
427320,Mamdouh,Ramamoorthy,1965-01-13,2000-01-13,9999-01-01,Senior Engineer
427571,Torsten,Ranta,1965-01-20,1995-07-03,9999-01-01,Senior Engineer
427852,Adil,Kieras,1965-01-02,1992-07-20,9999-01-01,Senior Engineer
428917,Theron,Billawala,1965-01-23,1989-02-17,9999-01-01,Senior Engineer
429249,Alassane,Wolniewicz,1965-01-28,1993-11-09,9999-01-01,Senior Engineer
430054,Erzsebet,Setiz,1965-01-22,1993-06-10,9999-01-01,Senior Engineer
430558,Xiong,Roisin,1965-01-07,1988-03-01,9999-01-01,Senior Engineer
430891,Khalil,Gien,1965-01-06,1991-08-06,9999-01-01,Senior Engineer
431657,Visit,Thiran,1965-01-31,1986-11-14,9999-01-01,Senior Engineer
431887,Poorav,Ranst,1965-01-05,1996-06-01,9999-01-01,Senior Engineer
432261,Arve,Bergere,1965-01-30,1987-07-28,9999-01-01,Senior Engineer
432399,Nitsan,Nollmann,1965-01-19,1993-09-29,9999-01-01,Senior Engineer
432665,Flemming,Driscoll,1965-01-02,1994-05-28,9999-01-01,Senior Engineer
432787,Toshiko,Ibel,1965-01-16,1996-11-23,9999-01-01,Senior Engineer
434936,Sahrah,Rosis,1965-01-15,1994-06-24,9999-01-01,Senior Engineer
435791,Hercules,Speer,1965-01-07,1994-03-07,9999-01-01,Senior Engineer
436558,Subir,Greibach,1965-01-08,1992-05-24,9999-01-01,Senior Engineer
439377,Mari,Plessier,1965-01-28,1997-07-04,9999-01-01,Senior Engineer
440435,Sandeepan,Rosti,1965-01-03,1991-11-26,9999-01-01,Senior Engineer
441536,Chinho,Collette,1965-01-10,1995-10-09,9999-01-01,Senior Engineer
442096,Martijn,DiGiano,1965-01-15,1990-06-15,9999-01-01,Senior Engineer
442312,Zengping,Cusworth,1965-01-05,1991-06-07,9999-01-01,Senior Engineer
444465,Prasadram,Bultermann,1965-01-13,1998-10-25,9999-01-01,Senior Engineer
444487,Udi,Rullman,1965-01-03,1994-04-09,9999-01-01,Senior Engineer
445067,Eldridge,Kawashima,1965-01-28,1990-02-27,9999-01-01,Senior Engineer
445226,Oscar,Baumann,1965-01-01,1987-01-22,9999-01-01,Senior Engineer
445950,Ebru,Valtorta,1965-01-23,1992-12-09,9999-01-01,Senior Engineer
446306,Hercules,Kabayashi,1965-01-22,1991-06-10,9999-01-01,Senior Engineer
446424,DAIDA,Nooteboom,1965-01-16,1985-11-24,9999-01-01,Senior Engineer
446959,Aram,Passino,1965-01-29,1995-01-28,9999-01-01,Senior Engineer
447018,Dannz,Miara,1965-01-17,1992-12-04,9999-01-01,Senior Engineer
447613,Paris,Restivo,1965-01-15,1986-11-21,9999-01-01,Senior Engineer
447877,Make,Heuser,1965-01-13,1988-07-02,9999-01-01,Senior Engineer
447966,Kamakshi,Hebert,1965-01-05,1997-01-17,9999-01-01,Senior Engineer
447982,Shiv,Baezner,1965-01-25,1990-12-17,9999-01-01,Senior Engineer
447999,Shiv,Vilarrasa,1965-01-05,1990-08-01,9999-01-01,Senior Engineer
448918,Chiradeep,Arlazarov,1965-01-23,1989-10-06,9999-01-01,Senior Engineer
449984,Hinrich,Perin,1965-02-01,1985-11-20,9999-01-01,Senior Engineer
450184,Selwyn,Henseler,1965-01-11,1993-03-09,9999-01-01,Senior Engineer
450817,DAIDA,Frolund,1965-01-10,1987-07-17,9999-01-01,Senior Engineer
450934,Chanjung,Raoux,1965-01-23,1992-05-25,9999-01-01,Senior Engineer
451272,Jacopo,Krohm,1965-01-02,1991-04-24,9999-01-01,Senior Engineer
452137,Subir,Miake,1965-01-15,1999-01-09,9999-01-01,Senior Engineer
452325,Taiji,Berstel,1965-01-14,1996-12-02,9999-01-01,Senior Engineer
452956,Gou,Thombley,1965-01-17,1990-11-07,9999-01-01,Senior Engineer
453723,Arne,Kohling,1965-01-15,1985-12-13,9999-01-01,Senior Engineer
453790,Fai,Keirsey,1965-01-11,1994-10-12,9999-01-01,Senior Engineer
454791,Xiaoqiu,Pietracaprina,1965-01-22,1994-07-09,9999-01-01,Senior Engineer
454825,Kamakshi,Schusler,1965-01-02,1995-05-25,9999-01-01,Senior Engineer
454994,Mohan,Picht,1965-01-01,1991-02-24,9999-01-01,Senior Engineer
455284,Luisa,Baig,1965-01-09,1996-07-12,9999-01-01,Senior Engineer
455814,Giao,DuCasse,1965-01-28,1991-07-19,9999-01-01,Senior Engineer
455914,Peer,Angelopoulos,1965-01-01,1989-07-23,9999-01-01,Senior Engineer
456982,Shounak,Dratva,1965-01-07,1989-01-05,9999-01-01,Senior Engineer
457411,Xudong,Peck,1965-01-13,1988-04-18,9999-01-01,Senior Engineer
457489,Berna,Ranst,1965-01-24,1985-05-14,9999-01-01,Senior Engineer
457776,Florian,Siepmann,1965-01-15,1987-12-21,9999-01-01,Senior Engineer
457813,Foong,Gargeya,1965-01-28,1992-01-24,9999-01-01,Senior Engineer
457832,Jackson,Zielinski,1965-02-01,1997-09-12,9999-01-01,Senior Engineer
458790,Ramya,Azadmanesh,1965-01-17,1988-11-19,9999-01-01,Senior Engineer
460707,Yoshinari,Lanteri,1965-01-07,1996-12-25,9999-01-01,Senior Engineer
461120,Shietung,Gelosh,1965-01-18,2001-04-01,9999-01-01,Senior Engineer
462493,Paloma,Gerlach,1965-01-12,1988-07-26,9999-01-01,Senior Engineer
463212,Ramya,Rossi,1965-01-09,2001-09-02,9999-01-01,Senior Engineer
465062,Stafford,Gist,1965-01-29,1988-05-07,9999-01-01,Senior Engineer
465076,Tokuyasu,Ghelli,1965-01-19,1985-05-05,9999-01-01,Senior Engineer
465711,Lakshmi,Frijda,1965-01-06,1990-04-21,9999-01-01,Senior Engineer
466509,Bezalel,Verhoeff,1965-01-26,1988-03-22,9999-01-01,Senior Engineer
467392,Mariusz,Rikino,1965-01-07,1995-04-13,9999-01-01,Senior Engineer
467441,Margareta,Bondorf,1965-01-13,1988-11-07,9999-01-01,Senior Engineer
468417,Kamakshi,Huhdanpaa,1965-01-25,1993-08-26,9999-01-01,Senior Engineer
468659,Ranga,Lemarechal,1965-01-18,1989-11-05,9999-01-01,Senior Engineer
468773,Baziley,Brookner,1965-01-27,1993-09-22,9999-01-01,Senior Engineer
469104,Nadjib,Comellas,1965-01-21,1999-01-22,9999-01-01,Senior Engineer
469253,Baruch,Basawa,1965-01-17,1993-09-17,9999-01-01,Senior Engineer
469269,Weiyi,Codenie,1965-01-23,1989-05-27,9999-01-01,Senior Engineer
469366,Aiman,Wilfing,1965-01-12,1990-12-30,9999-01-01,Senior Engineer
469529,Neven,Rikino,1965-01-07,1988-10-21,9999-01-01,Senior Engineer
469735,Arif,Stranks,1965-01-30,1992-11-16,9999-01-01,Senior Engineer
470472,Zhiguo,Staudhammer,1965-02-01,1985-12-03,9999-01-01,Senior Engineer
472238,Jungsoon,Gubsky,1965-01-31,1990-10-09,9999-01-01,Senior Engineer
472790,Zhenbing,Ibel,1965-01-23,1985-10-29,9999-01-01,Senior Engineer
472950,Weidon,Fordan,1965-01-29,1986-03-27,9999-01-01,Senior Engineer
475087,Genevieve,Snedden,1965-01-31,1988-10-21,9999-01-01,Senior Engineer
475938,Shigeaki,Lanteri,1965-01-14,1989-02-17,9999-01-01,Senior Engineer
475965,Rimon,Pietracaprina,1965-01-02,1985-07-10,9999-01-01,Senior Engineer
476327,Reinhold,Binkley,1965-01-31,1995-05-29,9999-01-01,Senior Engineer
477578,Marit,Paludetto,1965-01-23,1990-09-30,9999-01-01,Senior Engineer
477969,Bluma,Mundy,1965-01-18,1991-10-18,9999-01-01,Senior Engineer
478007,Fumino,Narahara,1965-01-06,1991-09-21,9999-01-01,Senior Engineer
478768,Arun,Katzenelson,1965-01-03,1991-10-28,9999-01-01,Senior Engineer
478833,Pradeep,Valiente,1965-01-30,1992-09-19,9999-01-01,Senior Engineer
479407,Randi,Tomescu,1965-01-18,1986-11-25,9999-01-01,Senior Engineer
480066,Suebskul,Menhardt,1965-01-31,1994-07-26,9999-01-01,Senior Engineer
480407,Deniz,Bennis,1965-01-01,1989-06-24,9999-01-01,Senior Engineer
481764,Teiji,Marrakchi,1965-01-27,1986-08-26,9999-01-01,Senior Engineer
481790,Haldun,Erie,1965-01-22,1999-01-01,9999-01-01,Senior Engineer
482885,Shaunak,Brizzi,1965-01-29,1988-09-02,9999-01-01,Senior Engineer
483675,Hausi,Kamber,1965-01-22,1988-02-16,9999-01-01,Senior Engineer
483825,Marek,Mitchem,1965-01-22,1992-11-20,9999-01-01,Senior Engineer
484498,Herbert,Hammerschmidt,1965-01-26,1996-08-22,9999-01-01,Senior Engineer
484756,Phule,Ruemmler,1965-01-16,1990-08-09,9999-01-01,Senior Engineer
485489,Keiichiro,Armand,1965-01-01,1986-12-14,9999-01-01,Senior Engineer
485577,Rafael,Menhoudj,1965-01-30,1997-04-27,9999-01-01,Senior Engineer
485579,Munehiro,Iwayama,1965-01-18,1986-12-16,9999-01-01,Senior Engineer
486808,Geoffrey,Siochi,1965-01-05,1998-12-27,9999-01-01,Senior Engineer
486958,Tonny,Kropf,1965-01-06,1986-07-30,9999-01-01,Senior Engineer
488693,Jiong,Zultner,1965-01-27,1993-03-10,9999-01-01,Senior Engineer
490557,Luise,Vigier,1965-01-27,1994-07-01,9999-01-01,Senior Engineer
490568,Zita,Reistad,1965-01-01,1998-07-23,9999-01-01,Senior Engineer
490720,Younwoo,Samarati,1965-01-19,2002-05-18,9999-01-01,Senior Engineer
491079,Kwangsub,Keirsey,1965-01-06,1992-02-04,9999-01-01,Senior Engineer
491162,Panayotis,Hempstead,1965-01-14,1994-08-29,9999-01-01,Senior Engineer
491596,Charmane,Pargas,1965-01-21,1992-08-03,9999-01-01,Senior Engineer
492217,Heekeun,Verhaegen,1965-01-16,1991-09-28,9999-01-01,Senior Engineer
492677,Goetz,McAffer,1965-01-26,1988-02-05,9999-01-01,Senior Engineer
493744,Leni,Kropatsch,1965-01-14,1997-07-17,9999-01-01,Senior Engineer
494088,Phule,Dahlbom,1965-01-10,1989-02-06,9999-01-01,Senior Engineer
496970,Giordano,Maquelin,1965-01-03,1999-12-31,9999-01-01,Senior Engineer
497007,Oldrich,Adachi,1965-01-23,1998-08-09,9999-01-01,Senior Engineer
497174,Sanjiv,Bressoud,1965-01-02,1993-04-27,9999-01-01,Senior Engineer
498185,Caolyn,Marciano,1965-01-19,1999-06-06,9999-01-01,Senior Engineer
498845,Arumugam,Pelc,1965-01-09,1999-11-13,9999-01-01,Senior Engineer
498955,Nechama,Kandlur,1965-01-13,1995-01-16,9999-01-01,Senior Engineer
